,City,Lat,Long,maxtemp,humidity,cloudiness,windspeed,country,date
0,Ürümqi,43.801,87.6005,-6.65,84,75,2.24,CN,1643504407
1,Poum,-20.2333,164.0167,81.84,76,99,9.04,NC,1643504438
2,Bathsheba,13.2167,-59.5167,77.61,69,40,16.11,BB,1643503853
3,San Cristobal,7.7669,-72.225,65.93,84,69,3.06,VE,1643504439
4,Yumen,40.2833,97.2,11.37,66,0,7.63,CN,1643504087
5,Rikitea,-23.1203,-134.9692,76.98,71,100,8.48,PF,1643503985
6,Zharkent,44.1628,80.0,23.22,59,88,1.01,KZ,1643504439
7,Kathmandu,27.7167,85.3167,39.42,93,40,2.3,NP,1643504406
8,Isla Aguada,18.7833,-91.4667,71.17,66,19,19.69,MX,1643504440
9,Dubai,25.2582,55.3047,69.22,77,0,4.61,AE,1643504354
10,Rochegda,62.8,43.25,-0.13,100,88,3.56,RU,1643504441
11,Saint-Philippe,-21.3585,55.7679,76.59,83,75,10.29,RE,1643504016
12,Tautira,-17.7333,-149.15,82.42,74,26,10.29,PF,1643504441
13,Albany,42.6001,-73.9662,8.85,61,100,15.99,US,1643504300
14,Richards Bay,-28.783,32.0377,69.22,87,5,0.87,ZA,1643504043
15,Hithadhoo,-0.6,73.0833,80.76,68,78,2.55,MV,1643504051
16,Melfi,40.9965,15.6514,33.49,67,7,6.35,IT,1643504442
17,Butaritari,3.0707,172.7902,82.56,72,78,18.01,KI,1643504021
18,Dikson,73.5069,80.5464,7.61,94,100,18.97,RU,1643504052
19,Ushuaia,-54.8,-68.3,44.26,87,100,4.61,AR,1643504001
20,Kaitangata,-46.2817,169.8464,56.28,96,100,5.35,NZ,1643504010
21,Quatre Cocos,-20.2078,57.7625,78.91,77,100,12.59,MU,1643504204
22,Port Blair,11.6667,92.75,75.24,83,75,2.3,IN,1643503857
23,Progreso,21.2833,-89.6667,68.11,60,100,14.41,MX,1643504444
24,Beyneu,45.3167,55.2,26.94,76,100,4.38,KZ,1643504163
25,Vaini,-21.2,-175.2,81.77,76,100,11.88,TO,1643504019
26,Lebu,-37.6167,-73.65,58.41,88,0,9.04,CL,1643503999
27,Bluff,-46.6,168.3333,59.32,87,100,7.52,NZ,1643504007
28,Kruisfontein,-34.0033,24.7314,58.89,91,3,4.36,ZA,1643504049
29,Los Llanos de Aridane,28.6585,-17.9182,58.75,76,100,7.0,ES,1643504099
30,Berlevåg,70.8578,29.0864,21.11,76,74,2.37,NO,1643503850
31,Nikolskoye,59.7035,30.7861,26.87,90,100,16.64,RU,1643503978
32,Castro,-24.7911,-50.0119,59.86,99,100,6.51,BR,1643504067
33,Chepo,9.1667,-79.1,78.22,84,45,6.22,PA,1643504446
34,Marsaxlokk,35.8419,14.5431,52.09,49,20,12.66,MT,1643504446
35,Saldanha,-33.0117,17.9442,62.65,84,0,12.48,ZA,1643504102
36,Kargasok,59.0556,80.8572,2.1,97,100,6.4,RU,1643504078
37,Raymondville,26.4815,-97.7831,59.11,53,7,9.01,US,1643504447
38,Saskylakh,71.9167,114.0833,-19.82,100,100,3.78,RU,1643504106
39,Sisimiut,66.9395,-53.6735,6.85,83,100,28.83,GL,1643504194
40,Kapaa,22.0752,-159.319,80.58,67,18,1.01,US,1643504016
41,Tuatapere,-46.1333,167.6833,61.56,83,100,4.76,NZ,1643504099
42,Karratha,-20.7377,116.8463,85.82,51,96,14.61,AU,1643504133
43,Umm Kaddadah,13.6017,26.6876,55.22,21,0,15.86,SD,1643504448
44,Atuona,-9.8,-139.0333,77.77,79,22,12.01,PF,1643504027
45,Hermanus,-34.4187,19.2345,65.8,83,1,10.89,ZA,1643504000
46,Flinders,-34.5833,150.8552,85.8,71,97,8.46,AU,1643504028
47,Ilulissat,69.2167,-51.1,0.27,95,100,13.67,GL,1643504085
48,Cidreira,-30.1811,-50.2056,71.58,65,12,11.41,BR,1643503833
49,Kavaratti,10.5669,72.642,80.82,71,92,8.39,IN,1643504043
50,Swan Hill,-35.3378,143.5544,83.5,52,13,4.65,AU,1643504450
51,Bayanday,53.0661,105.5139,-21.55,100,100,1.83,RU,1643504450
52,Payakumbuh,-0.2202,100.6308,72.82,93,100,1.48,ID,1643504451
53,Sur,22.5667,59.5289,69.85,51,5,2.53,OM,1643504200
54,Faya,18.3851,42.4509,53.71,83,4,5.32,SA,1643504190
55,Hong Kong,22.2855,114.1577,58.24,74,51,3.0,HK,1643504057
56,Port-Cartier,50.0334,-66.8654,7.75,80,100,11.07,CA,1643504452
57,Saint Paul Harbor,57.79,-152.4072,35.11,55,0,12.66,US,1643503953
58,Muisne,0.6,-80.0333,75.74,86,97,1.36,EC,1643504080
59,Manokwari,-0.8667,134.0833,82.08,70,100,8.03,ID,1643504453
60,Dubna,56.7333,37.1667,16.72,96,100,5.68,RU,1643504453
61,Chui,-33.6971,-53.4616,65.79,78,0,7.58,UY,1643504056
62,Longyearbyen,78.2186,15.6401,6.64,66,0,16.11,SJ,1643503764
63,Sakakah,29.9697,40.2064,43.05,51,0,7.85,SA,1643504454
64,Thompson,55.7435,-97.8558,-9.24,84,20,2.3,CA,1643504016
65,New Norfolk,-42.7826,147.0587,76.66,30,0,2.93,AU,1643503999
66,Port Alfred,-33.5906,26.891,68.45,87,11,8.03,ZA,1643503779
67,Khatanga,71.9667,102.5,-6.61,97,97,8.03,RU,1643504085
68,Norman Wells,65.282,-126.8329,-25.56,68,75,0.0,CA,1643504143
69,Portland,45.5234,-122.6762,49.66,61,100,1.01,US,1643504317
70,Punta Arenas,-53.15,-70.9167,51.91,50,0,6.91,CL,1643503966
71,Faanui,-16.4833,-151.75,80.65,71,99,8.23,PF,1643504192
72,Río Gallegos,-51.6226,-69.2181,47.82,80,100,22.79,AR,1643504455
73,Sochi,43.6,39.7303,41.09,91,100,14.7,RU,1643504177
74,Brownsville,25.9018,-97.4975,56.91,66,8,1.01,US,1643504319
75,Henties Bay,-22.116,14.2845,60.85,83,77,3.22,NA,1643504032
76,Korla,41.7597,86.1469,23.14,55,100,8.25,CN,1643504188
77,Bitung,1.4451,125.1824,85.05,70,98,7.96,ID,1643504173
78,Cape Town,-33.9258,18.4232,70.21,69,0,3.0,ZA,1643503874
79,Daşoguz,41.8363,59.9666,28.56,80,8,6.51,TM,1643504457
80,Mahébourg,-20.4081,57.7,79.09,78,40,6.91,MU,1643504086
81,Hobart,-42.8794,147.3294,77.02,57,20,1.01,AU,1643504014
82,Pine Bluff,34.2284,-92.0032,46.09,41,0,5.99,US,1643504458
83,Mataura,-46.1927,168.8643,56.73,99,100,2.64,NZ,1643503775
84,Torbay,47.6666,-52.7314,39.27,96,100,27.63,CA,1643504187
85,Chinhoyi,-17.3667,30.2,64.67,95,99,9.19,ZW,1643504459
86,Saint George,37.1041,-113.5841,57.67,15,0,4.61,US,1643504022
87,Arraial do Cabo,-22.9661,-42.0278,74.71,94,100,11.63,BR,1643504074
88,Khorramabad,33.4878,48.3558,33.89,57,0,2.06,IR,1643504459
89,Codrington,-38.2667,141.9667,71.76,74,100,8.05,AU,1643504051
90,Cherskiy,68.75,161.3,-25.6,99,100,1.95,RU,1643504001
91,East London,-33.0153,27.9116,69.33,85,3,6.15,ZA,1643503869
92,Bethel,41.3712,-73.414,18.75,58,100,4.0,US,1643503807
93,La Baule-Escoublac,47.2922,-2.364,48.02,95,100,4.61,FR,1643504461
94,Tuktoyaktuk,69.4541,-133.0374,-5.8,77,75,17.27,CA,1643504032
95,Naze,28.3667,129.4833,56.32,77,99,12.93,JP,1643504308
96,Mahon,39.8885,4.2658,45.16,87,0,6.91,ES,1643504323
97,Maniitsoq,65.4167,-52.9,8.67,75,100,26.37,GL,1643504007
98,Hilo,19.7297,-155.09,77.11,67,0,7.0,US,1643504010
99,Khem Karan,31.1428,74.5667,46.49,57,9,4.97,IN,1643504462
100,Okhotsk,59.3833,143.3,14.72,79,100,15.32,RU,1643504462
101,Geraldton,-28.7667,114.6,82.81,54,0,12.66,AU,1643504068
102,Suoyarvi,62.0833,32.35,18.91,86,100,11.32,RU,1643504463
103,Busselton,-33.65,115.3333,77.04,60,7,13.0,AU,1643503971
104,Kenai,60.5544,-151.2583,29.08,85,75,9.22,US,1643503899
105,Kieta,-6.2167,155.6333,80.19,86,100,8.7,PG,1643504174
106,Virginia Beach,36.8529,-75.978,28.45,49,0,16.11,US,1643503987
107,Jardim,-21.4803,-56.1381,78.64,68,100,3.0,BR,1643504178
108,Kununurra,-15.7667,128.7333,85.98,74,75,12.66,AU,1643504464
109,Upata,8.0086,-62.3989,72.0,77,100,6.44,VE,1643504464
110,Voh,-20.9667,164.7,88.9,59,34,9.42,NC,1643504465
111,Jamestown,42.097,-79.2353,2.84,85,0,6.91,US,1643504036
112,Vostok,46.4856,135.8833,-7.11,91,58,3.18,RU,1643504067
113,Colac,-38.3333,143.5833,70.63,81,98,7.25,AU,1643504466
114,Klaksvík,62.2266,-6.589,34.72,63,100,13.67,FO,1643503832
115,Sitka,57.0531,-135.33,34.12,92,100,11.59,US,1643504211
116,Airai,-8.9266,125.4092,66.16,80,100,4.38,TL,1643504041
117,Port Elizabeth,-33.918,25.5701,66.49,88,0,8.05,ZA,1643504020
118,Kiryat Gat,31.61,34.7642,49.41,100,0,1.81,IL,1643503864
119,Mar del Plata,-38.0023,-57.5575,77.02,67,0,21.0,AR,1643503751
120,Kargat,55.1956,80.2811,-1.93,93,69,7.87,RU,1643504468
121,Srednekolymsk,67.45,153.6833,-25.04,100,60,4.03,RU,1643503913
122,Verkhoyansk,67.5447,133.385,-30.77,100,100,1.3,RU,1643504468
123,Antofagasta,-23.65,-70.4,64.17,85,43,4.65,CL,1643504469
124,Teguise,29.0605,-13.564,62.82,68,0,12.66,ES,1643504469
125,Katsuura,35.1333,140.3,45.19,57,92,16.69,JP,1643504069
126,Kamachumu,-1.6186,31.62,64.96,66,100,4.03,TZ,1643504470
127,Ust'-Koksa,50.2696,85.6108,-6.12,85,53,0.81,RU,1643504470
128,Luau,-10.7073,22.2247,64.69,97,100,3.47,AO,1643504471
129,Barrow,71.2906,-156.7887,-18.09,100,72,9.91,US,1643504065
130,Kushmurun,52.4503,64.6311,8.44,94,100,10.0,KZ,1643504471
131,Mehamn,71.0357,27.8492,17.04,82,78,3.29,NO,1643504053
132,Batemans Bay,-35.7167,150.1833,81.99,88,76,4.7,AU,1643504421
133,Buffalo,42.8865,-78.8784,7.9,77,8,4.03,US,1643504411
134,Puerto Ayora,-0.7393,-90.3518,73.96,82,34,6.33,EC,1643503983
135,Mount Gambier,-37.8333,140.7667,69.71,78,100,8.05,AU,1643504115
136,Biak,-0.9131,122.8766,81.34,69,100,2.42,ID,1643504046
137,Kodinsk,58.6881,99.1844,-1.34,99,100,2.68,RU,1643504473
138,Salalah,17.0151,54.0924,68.27,61,72,2.46,OM,1643503990
139,Khandyga,62.6667,135.6,-34.35,97,77,1.59,RU,1643504197
140,Ribeira Grande,38.5167,-28.7,58.68,75,98,4.65,PT,1643504117
141,Vila Franca do Campo,37.7167,-25.4333,57.61,72,82,9.93,PT,1643504135
142,Imbituba,-28.24,-48.6703,71.82,82,100,5.77,BR,1643504474
143,Khasan,42.4308,130.6434,20.66,47,9,12.95,RU,1643504474
144,Denpasar,-8.65,115.2167,82.06,83,75,3.44,ID,1643504063
145,Isangel,-19.55,169.2667,80.82,85,100,13.82,VU,1643503998
146,Walvis Bay,-22.9575,14.5053,61.09,86,10,4.29,NA,1643504475
147,Hasaki,35.7333,140.8333,43.29,53,42,18.05,JP,1643503908
148,Treinta y Tres,-33.2333,-54.3833,64.38,75,0,8.97,UY,1643504476
149,Tayoltita,24.0833,-105.9333,62.06,53,0,2.66,MX,1643504476
150,Bugiri,0.5714,33.7417,69.46,79,94,4.94,UG,1643504477
151,Baykit,61.67,96.37,-11.43,100,100,1.66,RU,1643504477
152,Clyde River,70.4692,-68.5914,-7.37,71,100,9.22,CA,1643504151
153,Maţāy,28.419,30.7792,46.76,66,1,3.71,EG,1643504433
154,Redmond,47.674,-122.1215,51.76,68,100,0.76,US,1643504273
155,Yellowknife,62.456,-114.3525,-12.48,77,75,8.05,CA,1643504005
156,Kirakira,-10.4544,161.9205,84.85,74,81,10.13,SB,1643504165
157,Vanavara,60.34,102.2797,-3.32,99,100,3.22,RU,1643504478
158,Laas,46.6166,10.7002,34.29,81,15,9.01,IT,1643504479
159,Bredasdorp,-34.5322,20.0403,65.28,88,5,2.3,ZA,1643504021
160,Upernavik,72.7868,-56.1549,-0.85,96,100,7.56,GL,1643503760
161,Cajazeiras,-6.8903,-38.5553,68.72,96,100,3.2,BR,1643504480
162,Kewanee,41.2456,-89.9248,30.78,77,100,6.78,US,1643504480
163,Marinette,45.1,-87.6307,19.85,92,100,5.84,US,1643504480
164,Juba,4.8517,31.5825,74.01,33,10,3.69,SS,1643504432
165,Alofi,-19.0595,-169.9187,82.29,74,100,11.5,NU,1643504197
166,Suba,10.8438,121.0102,81.14,76,11,4.07,PH,1643504481
167,Zhezkazgan,47.8043,67.7144,8.29,98,63,8.43,KZ,1643504328
168,Lovozero,68.005,35.0117,-6.57,100,19,3.65,RU,1643504482
169,Aklavik,68.2191,-135.0107,-15.77,76,40,3.44,CA,1643504134
170,Inhambane,-23.865,35.3833,76.59,70,100,7.99,MZ,1643504482
171,Fomboni,-12.28,43.7425,82.0,67,0,5.17,KM,1643504483
172,Christchurch,-43.5333,172.6333,75.99,46,86,3.0,NZ,1643504293
173,Bilopillya,51.1502,34.3129,17.33,98,100,8.77,UA,1643504483
174,Lüderitz,-26.6481,15.1594,68.07,76,32,5.1,NA,1643504060
175,Careiro da Várzea,-3.2003,-59.8119,73.62,96,100,2.17,BR,1643504484
176,Nanortalik,60.1432,-45.2371,20.68,69,100,27.87,GL,1643504484
177,Souillac,-20.5167,57.5167,79.18,78,40,6.91,MU,1643503847
178,Tiarei,-17.5333,-149.3333,82.42,75,71,9.6,PF,1643504163
179,Sioux Lookout,50.1001,-91.917,8.98,85,100,3.44,CA,1643504069
180,Cabo San Lucas,22.8909,-109.9124,73.94,56,0,3.62,MX,1643503876
181,Khovd,48.0056,91.6419,-14.76,79,46,2.71,MN,1643503854
182,Kaeo,-35.1,173.7833,74.32,67,100,12.64,NZ,1643504123
183,Takapau,-40.0333,176.35,80.73,23,1,7.63,NZ,1643504486
184,Avarua,-21.2078,-159.775,84.25,79,20,11.5,CK,1643504011
185,Ostrovnoy,68.0531,39.5131,16.61,89,100,12.37,RU,1643504148
186,Chodavaram,17.8333,82.95,62.44,64,100,2.42,IN,1643504487
187,Sechura,-5.5569,-80.8222,74.62,68,73,12.12,PE,1643504137
188,Severo-Kuril'sk,50.6789,156.125,24.85,84,100,16.73,RU,1643503998
189,Pevek,69.7008,170.3133,-17.3,99,100,3.71,RU,1643504055
190,Nome,64.5011,-165.4064,3.16,56,0,3.13,US,1643504030
191,Tasiilaq,65.6145,-37.6368,9.82,75,100,7.56,GL,1643504002
192,Bodden Town,19.2833,-81.25,75.0,66,100,11.01,KY,1643504488
193,Rimbey,52.6334,-114.2353,23.5,85,100,3.53,CA,1643504489
194,Itarema,-2.9248,-39.9167,78.67,74,100,9.93,BR,1643504489
195,Ailigandí,9.2333,-78.0167,77.49,80,35,11.12,PA,1643504490
196,Ossora,59.2353,163.0719,23.14,89,100,26.13,RU,1643504490
197,Kamra,33.7473,73.5111,38.95,53,0,10.33,PK,1643504428
198,Bay Roberts,47.5999,-53.2648,40.33,91,100,11.99,CA,1643504491
199,La Asuncion,11.0333,-63.8628,78.53,78,94,11.5,VE,1643504491
200,Zhigalovo,54.8097,105.1578,-19.93,100,100,0.98,RU,1643504492
201,Alihe,50.5667,123.7167,3.11,74,10,3.22,CN,1643504492
202,Namatanai,-3.6667,152.4333,83.44,73,100,5.17,PG,1643504154
203,Midleton,51.9153,-8.1805,42.58,94,34,2.42,IE,1643504493
204,Bonavista,48.6499,-53.1147,36.12,95,100,43.11,CA,1643504055
205,Mountain Home,43.133,-115.6912,26.8,85,36,3.36,US,1643504493
206,Kasempa,-13.4584,25.8338,64.31,98,100,6.38,ZM,1643504493
207,Bobenheim-Roxheim,49.5875,8.3578,49.05,92,100,3.0,DE,1643504494
208,São Filipe,14.8961,-24.4956,70.63,73,31,11.48,CV,1643504093
209,Griffith,41.5284,-87.4237,22.12,65,40,1.01,US,1643504494
210,Meyzieu,45.7667,5.0,39.54,96,100,4.61,FR,1643504495
211,Morristown,36.214,-83.2949,25.23,46,20,0.0,US,1643504495
212,La Ronge,55.1001,-105.2842,8.85,78,100,6.91,CA,1643504068
213,San-Pédro,4.7485,-6.6363,77.85,90,48,2.13,CI,1643504496
214,Adrar,20.5022,-10.0711,73.89,12,100,9.37,MR,1643504069
215,Winneba,5.3511,-0.6231,77.94,91,38,2.66,GH,1643504497
216,Vardø,70.3705,31.1107,22.71,79,96,1.77,NO,1643504021
217,Luanda,-8.8368,13.2343,77.76,87,100,6.91,AO,1643504402
218,Wawa,9.9022,4.4192,73.42,23,94,5.1,NG,1643504497
219,Qaanaaq,77.484,-69.3632,3.94,90,100,11.12,GL,1643503983
220,Ngunguru,-35.6167,174.5,74.16,65,100,11.59,NZ,1643504060
221,Onufriyivka,48.9072,33.4487,22.77,93,80,10.6,UA,1643504498
222,George Town,5.4112,100.3354,81.9,90,20,0.0,MY,1643503928
223,Narsaq,60.9167,-46.05,14.36,94,100,12.17,GL,1643504015
224,Okha,53.5739,142.9478,-5.73,91,75,10.2,RU,1643504335
225,Stříbro,49.7529,13.0041,42.85,80,100,23.2,CZ,1643504499
226,Bengkulu,-3.8004,102.2655,77.97,87,100,3.8,ID,1643504203
227,Fukuechō,32.6881,128.8419,47.59,49,100,15.46,JP,1643504500
228,Carnarvon,-24.8667,113.6333,80.67,78,100,14.97,AU,1643504019
229,Fare,-16.7,-151.0167,80.78,72,94,7.78,PF,1643504210
230,Hammerfest,70.6634,23.6821,25.25,100,100,2.3,NO,1643504500
231,Zenzeli,45.9241,47.0474,30.88,90,89,10.07,RU,1643504501
232,Bose,45.4612,8.0137,42.21,53,17,3.04,IT,1643504501
233,Sun City West,33.662,-112.3413,70.54,20,75,4.61,US,1643504462
234,Tiksi,71.6872,128.8694,-9.56,98,51,4.34,RU,1643504079
235,Esperance,-33.8667,121.9,76.84,49,2,9.01,AU,1643503768
236,Hofn,64.2539,-15.2082,31.46,60,100,6.71,IS,1643504005
237,Shahreza,32.0339,51.8794,30.96,48,0,4.34,IR,1643504502
238,Peniche,39.3558,-9.3811,56.68,47,8,8.66,PT,1643504503
239,Caucaia,-3.7361,-38.6531,82.08,80,0,2.3,BR,1643504503
240,Goderich,43.7501,-81.7165,14.92,93,100,7.9,CA,1643504504
241,Chokurdakh,70.6333,147.9167,-12.35,87,98,1.36,RU,1643504023
242,Lincoln,40.8,-96.667,46.0,100,9,8.77,US,1643504258
243,Avera,33.194,-82.5271,35.71,33,0,9.71,US,1643504504
244,Escanaba,45.7453,-87.0646,18.03,84,100,5.75,US,1643504505
245,Bandarbeyla,9.4942,50.8122,75.33,73,100,19.39,SO,1643504444
246,Shingū,33.7333,135.9833,43.79,45,100,3.98,JP,1643504151
247,Nouadhibou,20.931,-17.0347,62.58,82,100,14.97,MR,1643504058
248,Touros,-5.1989,-35.4608,77.9,82,98,10.71,BR,1643504077
249,Osijek,45.5511,18.6939,38.61,62,61,6.73,HR,1643504506
250,Roald,62.5833,6.1333,42.33,70,40,26.46,NO,1643504029
251,Gilroy,37.0058,-121.5683,63.0,42,0,5.75,US,1643504506
252,Nishihara,26.1842,127.7558,64.06,91,100,8.05,JP,1643504507
253,Anloga,5.7947,0.8973,77.22,84,78,4.56,GH,1643504166
254,Pedersore,63.65,22.6833,30.33,94,100,11.27,FI,1643504507
255,Labuan,5.2767,115.2417,78.96,81,99,3.91,MY,1643504508
256,Mahabalipuram,12.6264,80.1722,78.06,76,100,11.68,IN,1643504508
257,Necochea,-38.5473,-58.7368,76.03,60,0,17.72,AR,1643504164
258,Segovia,41.1667,-4.0,42.44,30,0,4.65,ES,1643504509
259,Filingué,14.3521,3.3168,67.5,13,3,12.57,NE,1643504215
260,Lavrentiya,65.5833,-171.0,-2.2,86,3,3.51,RU,1643503831
261,Hamilton,39.1834,-84.5333,23.76,67,87,1.99,US,1643503981
262,Te Anau,-45.4167,167.7167,57.42,93,100,0.72,NZ,1643504055
263,Loei,17.4167,101.5,61.45,57,34,2.46,TH,1643504510
264,Meulaboh,4.1363,96.1285,76.55,90,39,5.12,ID,1643504510
265,Tura,25.5198,90.2201,49.48,67,0,2.24,IN,1643504053
266,Altamira,-3.2033,-52.2064,70.52,99,100,3.02,BR,1643504396
267,Presidencia Roque Sáenz Peña,-26.7852,-60.4388,76.03,36,0,6.29,AR,1643504511
268,Eyl,7.9803,49.8164,72.91,64,87,17.38,SO,1643504512
269,Iqaluit,63.7506,-68.5145,-11.47,58,100,8.05,CA,1643504201
270,Gdańsk,54.3521,18.6464,43.9,79,75,40.29,PL,1643504384
271,Provideniya,64.3833,-173.3,4.86,86,24,4.0,RU,1643504054
272,Fortuna,40.5982,-124.1573,58.19,78,0,0.0,US,1643503887
273,Ōmagari,39.45,140.4833,27.36,89,100,14.47,JP,1643504513
274,Ondjiva,-17.0667,15.7333,69.35,80,100,3.98,AO,1643504513
275,Ancud,-41.8697,-73.8203,58.53,90,100,11.39,CL,1643504027
276,Bambari,5.768,20.6757,72.55,26,22,3.42,CF,1643504514
277,Ous,60.9058,61.5186,3.56,98,100,3.65,RU,1643504514
278,Dingle,10.9995,122.6711,81.54,77,3,2.91,PH,1643503723
279,Camacupa,-12.0167,17.4833,62.01,94,100,3.11,AO,1643504515
280,Calama,-22.4667,-68.9333,57.58,47,0,9.55,CL,1643504516
281,Sambava,-14.2667,50.1667,73.58,91,100,4.79,MG,1643504410
282,Whitehorse,60.7161,-135.0538,20.1,79,100,3.0,CA,1643504516
283,Hasanpur,28.7167,78.2833,46.53,73,0,8.66,IN,1643504517
284,Grindavik,63.8424,-22.4338,36.07,75,75,13.8,IS,1643504146
285,Ekhabi,53.5102,142.9671,-5.4,91,64,9.78,RU,1643504133
286,Hobyo,5.3505,48.5268,75.09,74,77,18.03,SO,1643504517
287,Līsakovsk,52.5369,62.4936,5.47,94,100,5.77,KZ,1643504071
288,Porto Santo,33.072,-16.3415,62.98,88,40,9.22,PT,1643504518
289,Guerrero Negro,27.9769,-114.0611,64.24,41,2,13.15,MX,1643504074
290,Dakar,14.6937,-17.4441,70.68,78,100,21.41,SN,1643504519
291,Haines Junction,60.7522,-137.5108,12.15,67,100,10.36,CA,1643504090
292,Sovetskiy,61.3614,63.5842,3.15,97,100,3.76,RU,1643504519
293,Biltine,14.5333,20.9167,61.23,15,1,10.65,TD,1643504068
294,Bentiu,9.2333,29.8333,68.04,19,4,5.41,SS,1643504035
295,Kungurtug,50.5994,97.5228,-24.7,98,36,1.3,RU,1643504284
296,Tateyama,34.9833,139.8667,47.1,57,56,14.18,JP,1643504520
297,Coahuayana Viejo,18.7333,-103.6833,73.74,75,0,2.84,MX,1643504030
298,Mbandaka,0.0487,18.2603,72.34,42,19,2.06,CD,1643504121
299,Cayenne,4.9333,-52.3333,79.09,85,0,3.0,GF,1643503848
300,Ippy,6.2679,21.2247,70.83,27,8,5.97,CF,1643504521
301,Auki,-8.7676,160.7034,83.59,79,97,9.13,SB,1643504522
302,Plastun,44.7561,136.2939,6.44,51,0,10.4,RU,1643504522
303,Ulaangom,49.9811,92.0667,-24.38,90,94,3.47,MN,1643504080
304,Kavieng,-2.5744,150.7967,83.37,73,100,5.91,PG,1643504064
305,Coquimbo,-29.9533,-71.3436,63.3,78,10,8.39,CL,1643503778
306,Diamantino,-14.4086,-56.4461,72.39,96,100,3.94,BR,1643504523
307,Leningradskiy,69.3833,178.4167,-10.43,91,51,4.76,RU,1643504018
308,Yangambi,0.8102,24.4336,67.87,47,0,1.43,CD,1643504524
309,Ayan,56.45,138.1667,1.83,74,100,20.78,RU,1643504175
310,Terrace,54.5163,-128.6035,36.43,99,100,3.36,CA,1643504524
311,Kuching,1.55,110.3333,77.22,94,20,2.3,MY,1643504524
312,Morgan City,29.6994,-91.2068,46.4,59,0,5.66,US,1643504525
313,Altay,47.8667,88.1167,1.85,52,72,7.18,CN,1643504525
314,Geelong,-38.1471,144.3607,79.72,85,100,5.01,AU,1643504423
315,Eskil,38.4017,33.4131,15.96,91,100,4.81,TR,1643504526
316,Manuk Mangkaw,4.8,119.85,81.39,72,100,3.83,PH,1643504526
317,Harper,4.375,-7.7169,78.8,87,10,5.86,LR,1643504527
318,Ponta do Sol,32.6667,-17.1,63.23,35,15,6.02,PT,1643504048
319,Adré,13.4667,22.2,58.17,16,16,15.35,TD,1643504049
320,Tarko-Sale,64.9225,77.785,-5.94,96,100,8.19,RU,1643504527
321,Bambous Virieux,-20.3428,57.7575,79.05,78,40,6.91,MU,1643504120
322,Ojinaga,29.5667,-104.4167,59.95,41,0,4.61,MX,1643504528
323,Teahupoo,-17.8333,-149.2667,76.96,74,27,11.25,PF,1643504081
324,Karasuk,53.7377,78.0403,2.59,86,25,10.69,RU,1643504529
325,Vilcún,-38.65,-72.2333,53.85,67,10,2.19,CL,1643504419
326,Beloha,-25.1667,45.05,71.74,88,13,10.07,MG,1643504119
327,Kanniyākumāri,8.0833,77.5667,77.52,80,45,17.18,IN,1643504530
328,Colares,38.7992,-9.4469,57.88,34,99,5.01,PT,1643504530
329,Port Lincoln,-34.7333,135.8667,70.88,73,9,13.89,AU,1643504531
330,Tomaszów Mazowiecki,51.5313,20.0086,43.02,10,79,29.84,PL,1643504531
331,Illapel,-31.6308,-71.1653,64.18,76,6,4.09,CL,1643504531
332,Kangaatsiaq,68.3065,-53.4641,5.38,77,100,22.66,GL,1643504532
333,Saint Simons,31.1352,-81.3901,39.24,43,0,3.44,US,1643504532
334,Tsimmerbude,54.675,20.1347,41.05,73,100,36.51,RU,1643504533
335,Danshui,22.7984,114.4672,55.87,62,84,12.06,CN,1643504533
336,Ovalle,-30.5983,-71.2003,67.1,64,0,4.07,CL,1643504534
337,Bacalar,18.6667,-88.3833,68.88,69,100,4.5,MX,1643504534
338,Shelburne,44.0787,-80.2041,2.57,98,17,5.79,CA,1643504474
339,Atasū,48.6814,71.6433,18.9,95,100,14.2,KZ,1643504535
340,Boende,-0.2167,20.8667,71.31,64,100,2.62,CD,1643504535
341,Lar,26.2039,83.9717,46.62,76,0,6.93,IN,1643504535
342,Jacareacanga,-6.2222,-57.7528,72.25,99,100,1.5,BR,1643504536
343,Talcahuano,-36.7167,-73.1167,58.64,89,0,9.91,CL,1643504415
344,Ahipara,-35.1667,173.1667,76.53,48,100,5.08,NZ,1643504536
345,Duku,11.2361,4.9073,72.88,12,86,10.29,NG,1643504537
346,Honiara,-9.4333,159.95,85.89,68,100,5.37,SB,1643504538
347,Semporna,4.4818,118.6112,81.54,74,88,3.13,MY,1643504538
348,Cantagallo,7.376,-73.9196,76.69,78,97,1.63,CO,1643504538
349,Watertown,42.3709,-71.1828,15.15,88,100,8.01,US,1643504490
350,Vila Velha,-20.3297,-40.2925,80.55,85,0,7.0,BR,1643504329
351,Morondava,-20.2833,44.2833,77.7,84,0,5.5,MG,1643504539
352,Guarapari,-20.6667,-40.4975,78.89,83,59,11.18,BR,1643504540
353,Lawrenceburg,38.0373,-84.8966,23.02,67,100,3.0,US,1643504456
354,Waipawa,-41.4122,175.5153,72.3,44,8,11.77,NZ,1643504540
355,Karatau,43.1667,70.4667,27.16,83,23,3.69,KZ,1643504541
356,Hanna,51.6334,-111.9018,22.37,76,100,6.53,CA,1643504541
357,Naryan-Mar,67.6713,53.087,16.03,94,100,15.1,RU,1643504369
358,Newport,51.5877,-2.9984,42.85,86,14,6.04,GB,1643503955
359,Huanren,41.2647,125.3667,12.38,65,4,1.81,CN,1643504542
360,Acajutla,13.5928,-89.8275,79.81,67,33,1.61,SV,1643504542
361,Alice Springs,-23.7,133.8833,76.55,94,75,17.27,AU,1643504110
362,Gorontalo,0.5412,123.0595,84.47,70,98,3.33,ID,1643504543
363,Camacha,33.0833,-16.3333,60.22,88,40,9.22,PT,1643504008
364,Tombouctou,20.0,-3.0,71.08,11,100,13.24,ML,1643504543
365,Mahibadhoo,3.7833,72.9667,81.57,69,26,10.71,MV,1643504189
366,Cocorit,27.5833,-109.9667,69.49,32,7,9.15,MX,1643504544
367,Sleaford,52.9983,-0.4094,41.54,78,0,9.22,GB,1643504544
368,North Bend,43.4065,-124.2243,52.16,86,7,3.31,US,1643504545
369,Dali,25.7,100.1833,38.57,61,0,0.65,CN,1643504545
370,Seoul,37.5683,126.9778,24.24,61,0,1.14,KR,1643504019
371,La Tuque,47.4334,-72.7824,-0.54,86,100,10.09,CA,1643504546
372,Bonthe,7.5264,-12.505,77.02,84,91,2.08,SL,1643504547
373,Ziro,27.6333,93.8333,28.18,78,0,2.71,IN,1643504547
374,Russell,32.3502,-85.1999,37.0,52,0,0.0,US,1643504547
375,Gēdo,9.0167,37.45,50.54,44,100,2.01,ET,1643504548
376,Kataysk,56.289,62.5841,3.24,97,100,2.15,RU,1643504548
377,Caucayá,-0.1934,-74.7819,77.14,63,56,1.03,CO,1643504548
378,Poopó,-18.3667,-66.9667,48.63,70,100,11.68,BO,1643504549
379,Alekseyevsk,57.8406,108.3492,-21.82,100,100,2.26,RU,1643504549
380,Evensk,61.95,159.2333,20.17,79,100,8.93,RU,1643504550
381,Sarishābāri,24.7333,89.8333,57.24,60,0,4.12,BD,1643504550
382,Ambon City,-3.6954,128.1814,87.94,62,40,10.36,ID,1643504550
383,Port Macquarie,-31.4333,152.9167,81.9,62,22,7.18,AU,1643504551
384,Kahului,20.8947,-156.47,82.42,55,20,18.41,US,1643504004
385,Broome,42.2506,-75.833,10.02,76,75,4.0,US,1643504552
386,Keti Bandar,24.1447,67.4497,68.52,79,0,9.15,PK,1643504552
387,Oktyabr'skoye,43.0645,44.7417,17.74,92,25,4.47,RU,1643504108
388,Pereira Barreto,-20.6383,-51.1092,71.73,94,96,7.31,BR,1643504552
389,Porto Nacional,-10.7081,-48.4172,71.89,94,100,3.06,BR,1643504553
390,Khor,47.8861,134.9464,-15.12,95,44,3.44,RU,1643504553
391,Nokaneng,-19.6667,22.2667,67.15,91,95,5.48,BW,1643504168
392,Rapid Valley,44.0625,-103.1463,47.8,26,0,12.66,US,1643504554
393,Quepos,9.4236,-84.1652,78.58,83,23,3.89,CR,1643504554
394,Santander,43.4647,-3.8044,46.45,69,100,11.99,ES,1643504555
395,Mossamedes,-15.1961,12.1522,70.57,76,100,5.73,AO,1643503761
396,Orlea,43.75,24.3833,30.63,78,16,7.09,RO,1643504555
397,Portree,57.4129,-6.1942,42.85,91,84,4.43,GB,1643504556
398,Port-Gentil,-0.7193,8.7815,80.96,81,95,10.11,GA,1643504556
399,Tadine,-21.55,167.8833,83.53,78,74,13.87,NC,1643504557
400,Schleswig,54.5167,9.55,44.31,88,98,31.07,DE,1643504557
401,Riyadh,24.6877,46.7219,48.34,41,0,8.08,SA,1643503911
402,Kirkwall,58.9848,-2.9587,41.05,65,75,16.11,GB,1643504558
403,Payo,-3.7508,103.6372,75.87,93,99,0.22,ID,1643504558
404,Nampula,-15.1165,39.2666,67.89,99,100,1.1,MZ,1643504559
405,Byron Bay,-28.65,153.6167,82.87,82,94,10.07,AU,1643504088
406,Ṭikāpur,28.5,81.1333,43.03,89,0,1.66,NP,1643504559
407,Boueni,-12.9025,45.0761,76.98,67,0,3.06,YT,1643504560
408,Hanzhong,33.0728,107.0303,36.07,73,100,0.18,CN,1643504030
409,Balkanabat,39.5108,54.3671,40.01,62,2,3.36,TM,1643504560
410,Yabēlo,4.8833,38.0833,58.78,23,66,4.79,ET,1643504561
411,Arrecife,28.963,-13.5477,66.18,68,0,12.66,ES,1643504398
412,Moose Factory,51.2585,-80.6094,-5.8,84,75,3.44,CA,1643504028
413,Buala,-8.145,159.5921,86.45,66,99,7.87,SB,1643504522
414,Lucapa,-8.4192,20.7447,65.93,95,100,2.68,AO,1643504562
415,Svetlaya,46.5389,138.3297,3.56,61,11,7.67,RU,1643504381
416,São João da Barra,-21.6403,-41.0511,75.88,92,100,6.42,BR,1643504095
417,Mazamari,-11.3258,-74.5308,71.2,92,100,2.13,PE,1643504562
418,Calvià,39.5657,2.5062,46.08,64,0,3.49,ES,1643504563
419,Arman',59.7,150.1667,13.14,79,100,13.27,RU,1643504563
420,Porbandar,21.6422,69.6093,64.15,51,0,7.67,IN,1643504303
421,Pacific Grove,36.6177,-121.9166,63.75,61,6,4.0,US,1643504309
422,Quba,41.3626,48.5152,26.82,62,30,7.9,AZ,1643504564
423,Bubaque,11.2833,-15.8333,78.62,66,55,14.34,GW,1643504564
424,Muzhi,65.3667,64.6667,-17.84,100,100,1.43,RU,1643504565
425,Conceição da Barra,-18.5933,-39.7322,77.7,85,100,9.08,BR,1643504497
426,Bafoulabé,13.8065,-10.8321,82.27,13,1,7.31,ML,1643504565
427,Manggar,-2.8833,108.2667,80.71,75,100,4.88,ID,1643504169
428,Husavik,66.0449,-17.3389,24.8,80,100,17.29,IS,1643504566
429,Matamoros,25.5333,-103.25,62.71,43,0,10.36,MX,1643504566
430,Salamiyah,35.0113,37.0532,39.2,80,15,5.41,SY,1643504566
431,Bikaner,28.0167,73.3,56.93,21,8,2.64,IN,1643504567
432,Santa Cruz de Tenerife,28.4682,-16.2546,66.69,76,40,5.99,ES,1643504567
433,Saint-Joseph,-21.3667,55.6167,75.58,82,40,10.94,RE,1643504044
434,Nong Chik,6.8436,101.178,78.35,82,13,4.5,TH,1643504568
435,Aizpute,56.7167,21.6,38.43,88,100,20.56,LV,1643504568
436,Karacabey,40.2152,28.4038,37.45,87,94,1.74,TR,1643504569
437,Acapulco de Juárez,16.8634,-99.8901,79.2,74,0,9.22,MX,1643504491
438,Santo Antônio da Platina,-23.295,-50.0772,66.51,96,100,9.86,BR,1643504569
439,Stephenville Crossing,48.5,-58.4318,35.73,93,100,40.29,CA,1643504474
440,Natal,-5.795,-35.2094,77.9,79,100,8.5,BR,1643504403
441,Jambi City,-1.6,103.6167,79.43,82,64,1.86,ID,1643504419
442,Mbini,1.574,9.6134,79.61,85,100,6.11,GQ,1643504570
443,Nkawkaw,6.5512,-0.7662,70.34,66,94,2.3,GH,1643504570
444,Marabu,4.4148,114.0089,78.24,87,100,3.74,MY,1643504571
445,Laylay,13.4391,121.8202,83.08,79,72,2.24,PH,1643504571
446,Rocha,-34.4833,-54.3333,64.04,84,2,8.61,UY,1643504486
447,Gayéri,12.6497,0.4931,70.27,18,4,10.63,BF,1643504572
448,Makhinjauri,41.6739,41.694,39.06,60,100,13.8,GE,1643504572
449,Marau,-28.4492,-52.2,64.4,77,100,4.76,BR,1643504573
450,Debre Sīna,9.85,39.7667,45.84,72,24,0.56,ET,1643504573
451,Lipin Bor,60.2622,37.9763,7.61,98,100,7.4,RU,1643504574
452,Emerald,-23.5333,148.1667,88.34,41,0,7.96,AU,1643504574
453,Laguna,38.421,-121.4238,64.49,41,0,5.75,US,1643504002
454,North Platte,41.1239,-100.7654,48.38,24,3,1.01,US,1643504249
455,Gebre Guracha,9.8,38.4,51.85,51,85,3.36,ET,1643504575
456,Brae,60.3964,-1.353,39.11,61,78,28.68,GB,1643503789
457,Brookings,44.3114,-96.7984,30.61,82,69,8.43,US,1643504427
458,Forsytheganj,52.6333,29.7333,26.47,95,100,18.34,BY,1643504575
459,Piaçabuçu,-10.4056,-36.4344,77.99,65,100,6.73,BR,1643504576
460,Bilibino,68.0546,166.4372,-0.98,88,100,2.57,RU,1643504104
461,Grindsted,55.754,8.9123,43.56,81,75,34.52,DK,1643504576
462,Soe,-9.8607,124.284,75.11,72,100,11.07,ID,1643504577
463,Zaykovo,57.5613,62.7568,-0.15,99,100,1.54,RU,1643504577
464,Zaraza,9.3503,-65.3245,74.53,79,6,10.85,VE,1643504577
465,Prokovsino,59.6765,29.8531,25.81,93,100,19.53,RU,1643504578
466,Moundsville,39.9203,-80.7431,14.43,98,45,2.33,US,1643504578
467,Chara,56.9064,118.2631,-18.29,88,49,0.81,RU,1643504579
468,Pandan Niog,6.2282,120.5631,81.27,71,100,2.26,PH,1643504579
469,Mariana,-20.3778,-43.4161,67.78,94,100,2.89,BR,1643504580
470,Longyan,25.1072,117.0225,46.44,85,94,4.25,CN,1643504580
471,Broken Hill,-31.95,141.4333,83.91,51,9,14.97,AU,1643504132
472,Keflavik,64.0049,-22.5624,36.03,75,75,13.8,IS,1643504581
473,Guaraniaçu,-25.1008,-52.8781,64.18,84,97,5.46,BR,1643504581
474,Āsbe Teferī,9.0833,40.8667,56.41,54,100,1.95,ET,1643504581
475,Chifeng,42.2683,118.9636,15.3,34,0,3.69,CN,1643504582
476,Panalingaan,8.7842,117.4231,82.35,71,21,1.95,PH,1643504582
477,Kiunga,-6.1219,141.2906,73.81,98,100,1.57,PG,1643504583
478,Padang,-0.9492,100.3543,75.25,93,100,5.55,ID,1643504428
479,Bogalusa,30.791,-89.8487,44.69,64,0,3.44,US,1643504584
480,Bonfim,3.0833,-59.95,82.78,47,71,9.15,BR,1643504584
481,Bayreuth,49.9481,11.5783,43.5,91,100,5.01,DE,1643504584
482,Marsá Maţrūḩ,31.3525,27.2453,52.83,57,99,20.15,EG,1643504585
483,Senneterre,48.3835,-77.2328,-11.0,99,10,1.39,CA,1643504585
484,Kenora,49.8167,-94.4337,12.18,85,100,5.75,CA,1643504586
485,Coruripe,-10.1256,-36.1756,77.14,66,100,6.87,BR,1643504586
486,Murgab,37.4966,61.9714,39.31,61,100,9.08,TM,1643504587
487,Port Hardy,50.6996,-127.4199,47.75,87,100,19.57,CA,1643504108
488,Seryshevo,51.0933,128.3786,-10.73,96,47,5.97,RU,1643504031
489,Bilma,18.6853,12.9164,56.32,21,0,12.57,NE,1643504587
490,Sampit,-2.5333,112.95,78.67,77,100,0.54,ID,1643504588
491,Rota,36.6224,-6.3586,56.21,45,47,12.82,ES,1643504588
492,Otane,-39.8833,176.6333,82.38,21,1,6.64,NZ,1643504588
493,Carutapera,-1.195,-46.02,74.89,88,100,5.75,BR,1643504589
494,Slonim,53.0867,25.3219,35.28,98,100,19.17,BY,1643504589
495,Ankang,32.68,109.0172,36.75,70,99,1.7,CN,1643504340
496,Port Keats,-14.25,129.55,83.71,81,98,19.01,AU,1643504590
497,Najrān,17.4924,44.1277,57.9,54,5,0.89,SA,1643504590
498,Murray Bridge,-35.1167,139.2667,89.31,46,0,5.82,AU,1643504591
499,Tando Ghulam Ali,25.1311,68.8676,60.89,80,0,6.04,PK,1643504591
500,Lompoc,34.6391,-120.4579,66.51,48,0,10.36,US,1643504044
501,Kizhinga,51.8462,109.9097,-20.52,100,98,1.32,RU,1643504592
502,Olinda,-8.0089,-34.8553,78.53,83,75,2.3,BR,1643504062
503,Katangli,51.7102,143.2326,-5.1,80,98,4.76,RU,1643504592
504,Beira,-19.8436,34.8389,77.09,88,20,5.01,MZ,1643504207
505,Poya,-21.35,165.15,87.78,63,55,10.22,NC,1643504593
506,Tilichiki,60.4667,166.1,10.45,79,20,15.12,RU,1643504593
507,Umluj,25.0213,37.2685,61.41,48,0,11.25,SA,1643504594
508,Dicabisagan,17.0818,122.4157,81.21,79,21,2.95,PH,1643504050
509,Acaraú,-2.8856,-40.12,78.69,76,100,10.22,BR,1643504209
510,Mount Isa,-20.7333,139.5,82.17,83,75,12.66,AU,1643504094
511,Yining,29.0361,114.5636,37.0,92,84,1.5,CN,1643504595
512,The Valley,18.217,-63.0578,77.09,70,4,6.76,AI,1643504595
513,Hamadan,34.7992,48.5146,22.66,68,0,5.35,IR,1643504596
514,Palmer,42.1584,-72.3287,14.61,76,100,5.01,US,1643503984
515,Lagunas,-5.2269,-75.6753,81.48,68,100,2.84,PE,1643504596
516,Kudahuvadhoo,2.6708,72.8944,81.1,73,100,9.37,MV,1643504597
517,Opuwo,-18.0607,13.84,66.4,48,100,5.64,NA,1643504597
518,Umba,66.6871,34.3429,21.09,96,100,5.79,RU,1643504597
519,Marfino,55.7028,37.3822,23.25,93,100,4.47,RU,1643504598
520,Pimentel,-6.8367,-79.9342,71.02,80,100,13.33,PE,1643504092
521,Jackson,42.4165,-122.8345,56.44,38,0,0.0,US,1643504554
522,Krasnosel'kup,65.7,82.4667,-14.1,99,99,8.3,RU,1643504125
523,Petatlán,17.5167,-101.2667,82.2,78,0,3.09,MX,1643504599
524,San Felipe,10.3399,-68.7425,67.6,98,77,3.8,VE,1643504599
525,Glassford,55.7013,-4.0239,37.02,85,68,1.01,GB,1643504600
526,Puerto Rondón,6.2805,-71.1,81.41,44,50,5.61,CO,1643504600
527,Marystown,47.1666,-55.1483,42.85,100,100,15.99,CA,1643504448
528,Waingapu,-9.6567,120.2641,83.89,72,73,12.37,ID,1643504601
529,Puerto Escondido,15.85,-97.0667,81.43,65,40,0.0,MX,1643504601
530,Hereford,52.0568,-2.7148,43.52,85,13,4.25,GB,1643504602
531,Gushikawa,26.3544,127.8686,63.99,91,100,12.66,JP,1643504602
532,Colombo,6.9319,79.8478,75.15,88,7,4.79,LK,1643504602
533,Dalbandin,28.8947,64.4101,53.85,40,45,1.92,PK,1643504453
534,Santa Maria,-29.6842,-53.8069,69.46,58,0,10.22,BR,1643504588
535,Jiaocheng,24.6774,116.1389,44.51,78,85,5.35,CN,1643504603
536,São Sepé,-30.1606,-53.5653,68.74,58,0,10.47,BR,1643504604
537,Novobirilyussy,56.9514,90.6661,0.5,97,92,3.74,RU,1643504604
538,Pulandian,39.3953,121.9669,23.13,52,1,3.58,CN,1643504604
539,Bockenem,52.0099,10.132,44.22,78,66,28.81,DE,1643504605
540,Province of Mantua,45.1667,10.7833,42.28,95,55,3.0,IT,1643504605
541,Yarmouth,41.7057,-70.2286,21.97,94,100,14.97,US,1643504324
542,Wanning,18.8003,110.3967,59.59,92,100,7.61,CN,1643504589
543,San Andrés,12.5847,-81.7006,80.62,69,20,11.5,CO,1643503809
544,Karpathos,35.507,27.2132,57.16,77,100,25.32,GR,1643504588
545,Constitución,-35.3333,-72.4167,58.39,93,45,8.39,CL,1643504064
546,Half Moon Bay,37.4636,-122.4286,64.08,61,0,1.99,US,1643504046
547,Mednogorskiy,43.9178,41.1825,20.82,83,9,6.42,RU,1643504606
548,Būlaevo,54.9056,70.4439,-1.21,92,100,6.93,KZ,1643504607
549,Iquitos,-3.7481,-73.2472,75.24,88,0,0.0,PE,1643504607
550,Zheleznodorozhnyy,55.7503,38.0042,23.52,100,87,3.56,RU,1643504608
551,Pemba,-12.974,40.5178,75.99,83,100,2.93,MZ,1643504608
552,Shambu,9.5667,37.1,51.89,55,100,1.28,ET,1643504608
553,Coyhaique,-45.5752,-72.0662,50.61,94,100,9.33,CL,1643504420
554,Darnah,32.767,22.6367,52.45,83,100,35.68,LY,1643504609
555,Tegul'det,57.3064,88.1667,-3.73,100,85,2.64,RU,1643504609
556,Morón,-34.6534,-58.6198,77.99,70,51,1.99,AR,1643504113
